Date;Close
04/01/16;4903,089844
05/01/16;4891,430176
06/01/16;4835,759766
07/01/16;4689,430176
08/01/16;4643,629883
11/01/16;4637,990234
12/01/16;4685,919922
13/01/16;4526,060059
14/01/16;4615
15/01/16;4488,419922
19/01/16;4476,950195
20/01/16;4471,689941
21/01/16;4472,060059
22/01/16;4591,180176
25/01/16;4518,490234
26/01/16;4567,669922
27/01/16;4468,169922
28/01/16;4506,680176
29/01/16;4613,950195
01/02/16;4620,370117
02/02/16;4516,950195
03/02/16;4504,240234
04/02/16;4509,560059
05/02/16;4363,140137
08/02/16;4283,75
09/02/16;4268,759766
10/02/16;4283,589844
11/02/16;4266,839844
12/02/16;4337,509766
16/02/16;4435,959961
17/02/16;4534,060059
18/02/16;4487,540039
19/02/16;4504,430176
22/02/16;4570,609863
23/02/16;4503,580078
24/02/16;4542,609863
25/02/16;4582,200195
26/02/16;4590,470215
29/02/16;4557,950195
01/03/16;4689,600098
02/03/16;4703,419922
03/03/16;4707,419922
04/03/16;4717,02002
07/03/16;4708,25
08/03/16;4648,819824
09/03/16;4674,379883
10/03/16;4662,160156
11/03/16;4748,470215
14/03/16;4750,279785
15/03/16;4728,669922
16/03/16;4763,970215
17/03/16;4774,990234
18/03/16;4795,649902
21/03/16;4808,870117
22/03/16;4821,660156
23/03/16;4768,859863
24/03/16;4773,5
28/03/16;4766,790039
29/03/16;4846,620117
30/03/16;4869,290039
31/03/16;4869,850098
01/04/16;4914,540039
04/04/16;4891,799805
05/04/16;4843,930176
06/04/16;4920,720215
07/04/16;4848,370117
08/04/16;4850,689941
11/04/16;4833,399902
12/04/16;4872,089844
13/04/16;4947,419922
14/04/16;4945,890137
15/04/16;4938,220215
18/04/16;4960,02002
19/04/16;4940,330078
20/04/16;4948,129883
21/04/16;4945,890137
22/04/16;4906,22998
25/04/16;4895,790039
26/04/16;4888,279785
27/04/16;4863,140137
28/04/16;4805,290039
29/04/16;4775,359863
02/05/16;4817,589844
03/05/16;4763,220215
04/05/16;4725,640137
05/05/16;4717,089844
06/05/16;4736,160156
09/05/16;4750,209961
10/05/16;4809,879883
11/05/16;4760,689941
12/05/16;4737,330078
13/05/16;4717,680176
16/05/16;4775,459961
17/05/16;4715,72998
18/05/16;4739,120117
19/05/16;4712,529785
20/05/16;4769,560059
23/05/16;4765,779785
24/05/16;4861,060059
25/05/16;4894,890137
26/05/16;4901,77002
27/05/16;4933,5
31/05/16;4948,049805
01/06/16;4952,25
02/06/16;4971,359863
03/06/16;4942,52002
06/06/16;4968,709961
07/06/16;4961,75
08/06/16;4974,640137
09/06/16;4958,620117
10/06/16;4894,549805
13/06/16;4848,439941
14/06/16;4843,549805
15/06/16;4834,930176
16/06/16;4844,919922
17/06/16;4800,339844
20/06/16;4837,209961
21/06/16;4843,759766
22/06/16;4833,319824
23/06/16;4910,040039
24/06/16;4707,97998
27/06/16;4594,439941
28/06/16;4691,870117
29/06/16;4779,25
30/06/16;4842,669922
01/07/16;4862,569824
05/07/16;4822,899902
06/07/16;4859,160156
07/07/16;4876,810059
08/07/16;4956,759766
11/07/16;4988,640137
12/07/16;5022,819824
13/07/16;5005,72998
14/07/16;5034,060059
15/07/16;5029,589844
18/07/16;5055,779785
19/07/16;5036,370117
20/07/16;5089,930176
21/07/16;5073,899902
22/07/16;5100,160156
25/07/16;5097,629883
26/07/16;5110,049805
27/07/16;5139,810059
28/07/16;5154,97998
29/07/16;5162,129883
01/08/16;5184,200195
02/08/16;5137,72998
03/08/16;5159,740234
04/08/16;5166,25
05/08/16;5221,120117
08/08/16;5213,140137
09/08/16;5225,47998
10/08/16;5204,580078
11/08/16;5228,399902
12/08/16;5232,890137
15/08/16;5262,02002
16/08/16;5227,109863
17/08/16;5228,660156
18/08/16;5240,149902
19/08/16;5238,379883
22/08/16;5244,600098
23/08/16;5260,080078
24/08/16;5217,689941
25/08/16;5212,200195
26/08/16;5218,919922
29/08/16;5232,330078
30/08/16;5222,990234
31/08/16;5213,220215
01/09/16;5227,209961
02/09/16;5249,899902
06/09/16;5275,910156
07/09/16;5283,930176
08/09/16;5259,47998
09/09/16;5125,910156
12/09/16;5211,890137
13/09/16;5155,25
14/09/16;5173,77002
15/09/16;5249,689941
16/09/16;5244,569824
19/09/16;5235,029785
20/09/16;5241,350098
21/09/16;5295,180176
22/09/16;5339,52002
23/09/16;5305,75
26/09/16;5257,490234
27/09/16;5305,709961
28/09/16;5318,549805
29/09/16;5269,149902
30/09/16;5312
03/10/16;5300,870117
04/10/16;5289,660156
05/10/16;5316,02002
06/10/16;5306,850098
07/10/16;5292,399902
10/10/16;5328,669922
11/10/16;5246,790039
12/10/16;5239,02002
13/10/16;5213,330078
14/10/16;5214,160156
17/10/16;5199,819824
18/10/16;5243,839844
19/10/16;5246,410156
20/10/16;5241,830078
21/10/16;5257,399902
24/10/16;5309,830078
25/10/16;5283,399902
26/10/16;5250,27002
27/10/16;5215,970215
28/10/16;5190,100098
31/10/16;5189,140137
01/11/16;5153,580078
02/11/16;5105,569824
03/11/16;5058,410156
04/11/16;5046,370117
07/11/16;5166,169922
08/11/16;5193,490234
09/11/16;5251,069824
10/11/16;5208,799805
11/11/16;5237,109863
14/11/16;5218,399902
15/11/16;5275,620117
16/11/16;5294,580078
17/11/16;5333,970215
18/11/16;5321,509766
21/11/16;5368,859863
22/11/16;5386,350098
23/11/16;5380,680176
25/11/16;5398,919922
28/11/16;5368,810059
29/11/16;5379,919922
30/11/16;5323,680176
01/12/16;5251,109863
02/12/16;5255,649902
05/12/16;5308,890137
06/12/16;5333
07/12/16;5393,759766
08/12/16;5417,359863
09/12/16;5444,5
12/12/16;5412,540039
13/12/16;5463,830078
14/12/16;5436,669922
15/12/16;5456,850098
16/12/16;5437,160156
19/12/16;5457,439941
20/12/16;5483,939941
21/12/16;5471,430176
22/12/16;5447,419922
23/12/16;5462,689941
27/12/16;5487,439941
28/12/16;5438,560059
29/12/16;5432,089844
30/12/16;5383,120117
03/01/17;5429,080078
04/01/17;5477
05/01/17;5487,939941
06/01/17;5521,060059
09/01/17;5531,819824
10/01/17;5551,819824
11/01/17;5563,649902
12/01/17;5547,490234
13/01/17;5574,120117
17/01/17;5538,72998
18/01/17;5555,649902
19/01/17;5540,080078
20/01/17;5555,330078
23/01/17;5552,939941
24/01/17;5600,959961
25/01/17;5656,339844
26/01/17;5655,180176
27/01/17;5660,779785
30/01/17;5613,709961
31/01/17;5614,790039
01/02/17;5642,649902
02/02/17;5636,200195
03/02/17;5666,77002
06/02/17;5663,549805
07/02/17;5674,220215
08/02/17;5682,450195
09/02/17;5715,180176
10/02/17;5734,129883
13/02/17;5763,959961
14/02/17;5782,569824
15/02/17;5819,439941
16/02/17;5814,899902
17/02/17;5838,580078
21/02/17;5865,950195
22/02/17;5860,629883
23/02/17;5835,509766
24/02/17;5845,310059
27/02/17;5861,899902
28/02/17;5825,439941
01/03/17;5904,029785
02/03/17;5861,220215
03/03/17;5870,75
06/03/17;5849,180176
07/03/17;5833,930176
08/03/17;5837,549805
09/03/17;5838,810059
10/03/17;5861,72998
13/03/17;5875,779785
14/03/17;5856,819824
15/03/17;5900,049805
16/03/17;5900,759766
17/03/17;5901
20/03/17;5901,529785
21/03/17;5793,830078
22/03/17;5821,640137
23/03/17;5817,689941
24/03/17;5828,740234
27/03/17;5840,370117
28/03/17;5875,140137
29/03/17;5897,549805
30/03/17;5914,339844
31/03/17;5911,740234
03/04/17;5894,680176
04/04/17;5898,609863
05/04/17;5864,47998
06/04/17;5878,950195
07/04/17;5877,810059
10/04/17;5880,930176
11/04/17;5866,77002
12/04/17;5836,160156
13/04/17;5805,149902
17/04/17;5856,790039
18/04/17;5849,470215
19/04/17;5863,029785
20/04/17;5916,779785
21/04/17;5910,52002
24/04/17;5983,819824
25/04/17;6025,490234
26/04/17;6025,22998
27/04/17;6048,939941
28/04/17;6047,609863
01/05/17;6091,600098
02/05/17;6095,370117
03/05/17;6072,549805
04/05/17;6075,339844
05/05/17;6100,759766
08/05/17;6102,660156
09/05/17;6120,589844
10/05/17;6129,140137
11/05/17;6115,959961
12/05/17;6121,22998
15/05/17;6149,669922
16/05/17;6169,870117
17/05/17;6011,240234
18/05/17;6055,129883
19/05/17;6083,700195
22/05/17;6133,620117
23/05/17;6138,709961
24/05/17;6163,02002
25/05/17;6205,259766
26/05/17;6210,189941
30/05/17;6203,189941
31/05/17;6198,52002
01/06/17;6246,830078
02/06/17;6305,799805
05/06/17;6295,680176
06/06/17;6275,060059
07/06/17;6297,379883
08/06/17;6321,759766
09/06/17;6207,919922
12/06/17;6175,459961
13/06/17;6220,370117
14/06/17;6194,890137
15/06/17;6165,5
16/06/17;6151,759766
19/06/17;6239,009766
20/06/17;6188,029785
21/06/17;6233,950195
22/06/17;6236,689941
23/06/17;6265,25
26/06/17;6247,149902
27/06/17;6146,620117
28/06/17;6234,410156
29/06/17;6144,350098
30/06/17;6140,419922
03/07/17;6110,060059
05/07/17;6150,859863
06/07/17;6089,459961
07/07/17;6153,080078
10/07/17;6176,390137
11/07/17;6193,299805
12/07/17;6261,169922
13/07/17;6274,439941
14/07/17;6312,470215
17/07/17;6314,430176
18/07/17;6344,310059
19/07/17;6385,040039
20/07/17;6390
21/07/17;6387,75
24/07/17;6410,810059
25/07/17;6412,169922
26/07/17;6422,75
27/07/17;6382,189941
28/07/17;6374,680176
31/07/17;6348,120117
01/08/17;6362,939941
02/08/17;6362,649902
03/08/17;6340,339844
04/08/17;6351,560059
07/08/17;6383,77002
08/08/17;6370,459961
09/08/17;6352,330078
10/08/17;6216,870117
11/08/17;6256,560059
14/08/17;6340,22998
15/08/17;6333,009766
16/08/17;6345,109863
17/08/17;6221,910156
18/08/17;6216,529785
21/08/17;6213,129883
22/08/17;6297,47998
23/08/17;6278,410156
24/08/17;6271,330078
25/08/17;6265,640137
28/08/17;6283,02002
29/08/17;6301,890137
30/08/17;6368,310059
31/08/17;6428,660156
01/09/17;6435,330078
05/09/17;6375,569824
06/09/17;6393,310059
07/09/17;6397,870117
08/09/17;6360,189941
11/09/17;6432,259766
12/09/17;6454,279785
13/09/17;6460,189941
14/09/17;6429,080078
15/09/17;6448,470215
18/09/17;6454,640137
19/09/17;6461,319824
20/09/17;6456,040039
21/09/17;6422,689941
22/09/17;6426,919922
25/09/17;6370,589844
26/09/17;6380,160156
27/09/17;6453,259766
28/09/17;6453,450195
29/09/17;6495,959961
02/10/17;6516,720215
03/10/17;6531,709961
04/10/17;6534,629883
05/10/17;6585,359863
06/10/17;6590,180176
09/10/17;6579,72998
10/10/17;6587,25
11/10/17;6603,549805
12/10/17;6591,509766
13/10/17;6605,799805
16/10/17;6624
17/10/17;6623,660156
18/10/17;6624,220215
19/10/17;6605,069824
20/10/17;6629,049805
23/10/17;6586,830078
24/10/17;6598,430176
25/10/17;6563,890137
26/10/17;6556,77002
27/10/17;6701,259766
30/10/17;6698,959961
31/10/17;6727,669922
01/11/17;6716,529785
02/11/17;6714,939941
03/11/17;6764,439941
06/11/17;6786,439941
07/11/17;6767,779785
08/11/17;6789,120117
09/11/17;6750,049805
10/11/17;6750,939941
13/11/17;6757,600098
14/11/17;6737,870117
15/11/17;6706,209961
16/11/17;6793,290039
17/11/17;6782,790039
20/11/17;6790,709961
21/11/17;6862,47998
22/11/17;6867,359863
24/11/17;6889,160156
27/11/17;6878,52002
28/11/17;6912,359863
29/11/17;6824,390137
30/11/17;6873,970215
01/12/17;6847,589844
04/12/17;6775,370117
05/12/17;6762,209961
06/12/17;6776,379883
07/12/17;6812,839844
08/12/17;6840,080078
11/12/17;6875,080078
12/12/17;6862,319824
13/12/17;6875,799805
14/12/17;6856,529785
15/12/17;6936,580078
18/12/17;6994,759766
19/12/17;6963,850098
20/12/17;6960,959961
21/12/17;6965,359863
22/12/17;6959,959961
26/12/17;6936,25
27/12/17;6939,339844
28/12/17;6950,160156
29/12/17;6903,390137
02/01/18;7006,899902
03/01/18;7065,529785
04/01/18;7077,910156
05/01/18;7136,560059
08/01/18;7157,390137
09/01/18;7163,580078
10/01/18;7153,569824
11/01/18;7211,779785
12/01/18;7261,060059
16/01/18;7223,689941
17/01/18;7298,279785
18/01/18;7296,049805
19/01/18;7336,379883
22/01/18;7408,029785
23/01/18;7460,290039
24/01/18;7415,060059
25/01/18;7411,160156
26/01/18;7505,77002
29/01/18;7466,509766
30/01/18;7402,47998
31/01/18;7411,47998
01/02/18;7385,859863
02/02/18;7240,950195
05/02/18;6967,529785
06/02/18;7115,879883
07/02/18;7051,97998
08/02/18;6777,160156
09/02/18;6874,490234
12/02/18;6981,959961
13/02/18;7013,509766
14/02/18;7143,620117
15/02/18;7256,430176
16/02/18;7239,470215
20/02/18;7234,310059
21/02/18;7218,22998
22/02/18;7210,089844
23/02/18;7337,390137
26/02/18;7421,459961
27/02/18;7330,350098
28/02/18;7273,009766
01/03/18;7180,560059
02/03/18;7257,870117
05/03/18;7330,709961
06/03/18;7372,009766
07/03/18;7396,649902
08/03/18;7427,950195
09/03/18;7560,810059
12/03/18;7588,319824
13/03/18;7511,009766
14/03/18;7496,810059
15/03/18;7481,740234
16/03/18;7481,990234
19/03/18;7344,240234
20/03/18;7364,299805
21/03/18;7345,290039
22/03/18;7166,680176
23/03/18;6992,669922
26/03/18;7220,540039
27/03/18;7008,810059
28/03/18;6949,22998
29/03/18;7063,450195
02/04/18;6870,120117
03/04/18;6941,279785
04/04/18;7042,109863
05/04/18;7076,549805
06/04/18;6915,109863
09/04/18;6950,339844
10/04/18;7094,299805
11/04/18;7069,029785
12/04/18;7140,25
13/04/18;7106,649902
16/04/18;7156,279785
17/04/18;7281,100098
18/04/18;7295,240234
19/04/18;7238,060059
20/04/18;7146,129883
23/04/18;7128,600098
24/04/18;7007,350098
25/04/18;7003,740234
26/04/18;7118,680176
27/04/18;7119,799805
30/04/18;7066,27002
01/05/18;7130,700195
02/05/18;7100,899902
03/05/18;7088,149902
04/05/18;7209,620117
07/05/18;7265,209961
08/05/18;7266,899902
09/05/18;7339,910156
10/05/18;7404,970215
11/05/18;7402,879883
14/05/18;7411,319824
15/05/18;7351,629883
16/05/18;7398,299805
17/05/18;7382,470215
18/05/18;7354,339844
21/05/18;7394,040039
22/05/18;7378,459961
23/05/18;7425,959961
24/05/18;7424,430176
25/05/18;7433,850098
29/05/18;7396,589844
30/05/18;7462,450195
31/05/18;7442,120117
01/06/18;7554,330078
04/06/18;7606,459961
05/06/18;7637,859863
06/06/18;7689,240234
07/06/18;7635,069824
08/06/18;7645,509766
11/06/18;7659,930176
12/06/18;7703,790039
13/06/18;7695,700195
14/06/18;7761,040039
15/06/18;7746,379883
18/06/18;7747,029785
19/06/18;7725,589844
20/06/18;7781,509766
21/06/18;7712,950195
22/06/18;7692,819824
25/06/18;7532,009766
26/06/18;7561,629883
27/06/18;7445,080078
28/06/18;7503,680176
29/06/18;7510,299805
02/07/18;7567,689941
03/07/18;7502,669922
05/07/18;7586,430176
06/07/18;7688,390137
09/07/18;7756,200195
10/07/18;7759,200195
11/07/18;7716,609863
12/07/18;7823,919922
13/07/18;7825,97998
16/07/18;7805,720215
17/07/18;7855,120117
18/07/18;7854,439941
19/07/18;7825,299805
20/07/18;7820,200195
23/07/18;7841,870117
24/07/18;7840,77002
25/07/18;7932,240234
26/07/18;7852,180176
27/07/18;7737,419922
30/07/18;7630
31/07/18;7671,790039
01/08/18;7707,290039
02/08/18;7802,689941
03/08/18;7812,009766
06/08/18;7859,680176
07/08/18;7883,660156
08/08/18;7888,330078
09/08/18;7891,779785
10/08/18;7839,109863
13/08/18;7819,709961
14/08/18;7870,890137
15/08/18;7774,120117
16/08/18;7806,52002
17/08/18;7816,330078
20/08/18;7821,009766
21/08/18;7859,169922
22/08/18;7889,100098
23/08/18;7878,459961
24/08/18;7945,97998
27/08/18;8017,899902
28/08/18;8030,040039
29/08/18;8109,689941
30/08/18;8088,359863
31/08/18;8109,540039
04/09/18;8091,25
05/09/18;7995,169922
06/09/18;7922,72998
07/09/18;7902,540039
10/09/18;7924,160156
11/09/18;7972,470215
12/09/18;7954,22998
13/09/18;8013,709961
14/09/18;8010,040039
17/09/18;7895,790039
18/09/18;7956,109863
19/09/18;7950,040039
20/09/18;8028,22998
21/09/18;7986,959961
24/09/18;7993,25
25/09/18;8007,470215
26/09/18;7990,370117
27/09/18;8041,970215
28/09/18;8046,350098
01/10/18;8037,299805
02/10/18;7999,549805
03/10/18;8025,089844
04/10/18;7879,509766
05/10/18;7788,450195
08/10/18;7735,950195
09/10/18;7738,02002
10/10/18;7422,049805
11/10/18;7329,060059
12/10/18;7496,890137
15/10/18;7430,740234
16/10/18;7645,490234
17/10/18;7642,700195
18/10/18;7485,140137
19/10/18;7449,029785
22/10/18;7468,629883
23/10/18;7437,540039
24/10/18;7108,399902
25/10/18;7318,339844
26/10/18;7167,209961
29/10/18;7050,290039
30/10/18;7161,649902
31/10/18;7305,899902
01/11/18;7434,060059
02/11/18;7356,990234
05/11/18;7328,850098
06/11/18;7375,959961
07/11/18;7570,75
08/11/18;7530,879883
09/11/18;7406,899902
12/11/18;7200,870117
13/11/18;7200,870117
14/11/18;7136,390137
15/11/18;7259,029785
16/11/18;7247,870117
19/11/18;7028,47998
20/11/18;6908,819824
21/11/18;6972,25
23/11/18;6938,97998
26/11/18;7081,850098
27/11/18;7082,700195
28/11/18;7291,589844
29/11/18;7273,080078
30/11/18;7330,540039
03/12/18;7441,509766
04/12/18;7158,430176
06/12/18;7188,259766
07/12/18;6969,25
10/12/18;7020,52002
11/12/18;7031,830078
12/12/18;7098,310059
13/12/18;7070,330078
14/12/18;6910,660156
17/12/18;6753,72998
18/12/18;6783,910156
19/12/18;6636,830078
20/12/18;6528,410156
21/12/18;6332,990234
24/12/18;6192,919922
26/12/18;6554,359863
27/12/18;6579,490234
28/12/18;6584,52002
31/12/18;6635,279785
02/01/19;6665,939941
03/01/19;6463,5
04/01/19;6738,859863
07/01/19;6823,470215
08/01/19;6897
09/01/19;6957,080078
10/01/19;6986,069824
11/01/19;6971,47998
14/01/19;6905,919922
15/01/19;7023,830078
16/01/19;7034,689941
17/01/19;7084,459961
18/01/19;7157,22998
22/01/19;7020,359863
23/01/19;7025,77002
24/01/19;7073,459961
25/01/19;7164,859863
28/01/19;7085,680176
29/01/19;7028,290039
30/01/19;7183,080078
31/01/19;7281,740234
01/02/19;7263,870117
04/02/19;7347,540039
05/02/19;7402,080078
06/02/19;7375,279785
07/02/19;7288,350098
08/02/19;7298,200195
11/02/19;7307,899902
12/02/19;7414,620117
13/02/19;7420,379883
14/02/19;7426,950195
15/02/19;7472,410156
19/02/19;7486,77002
20/02/19;7489,069824
21/02/19;7459,709961
22/02/19;7527,540039
25/02/19;7554,459961
26/02/19;7549,299805
27/02/19;7554,509766
28/02/19;7532,529785
01/03/19;7595,350098
04/03/19;7577,569824
05/03/19;7576,359863
06/03/19;7505,919922
07/03/19;7421,459961
08/03/19;7408,140137
11/03/19;7558,060059
12/03/19;7591,029785
13/03/19;7643,410156
14/03/19;7630,910156
15/03/19;7688,529785
18/03/19;7714,47998
19/03/19;7723,950195
20/03/19;7728,970215
21/03/19;7838,959961
22/03/19;7642,669922
25/03/19;7637,540039
26/03/19;7691,52002
27/03/19;7643,379883
28/03/19;7669,169922
29/03/19;7729,319824
01/04/19;7828,910156
02/04/19;7848,689941
03/04/19;7895,549805
04/04/19;7891,779785
05/04/19;7938,689941
08/04/19;7953,879883
09/04/19;7909,279785
10/04/19;7964,240234
11/04/19;7947,359863
12/04/19;7984,160156
15/04/19;7976,009766
16/04/19;8000,22998
17/04/19;7996,080078
18/04/19;7998,060059
22/04/19;8015,27002
23/04/19;8120,819824
24/04/19;8102,009766
25/04/19;8118,680176
26/04/19;8146,399902
29/04/19;8161,850098
30/04/19;8095,390137
01/05/19;8049,640137
02/05/19;8036,77002
03/05/19;8164
06/05/19;8123,290039
07/05/19;7963,759766
08/05/19;7943,319824
09/05/19;7910,589844
10/05/19;7916,939941
13/05/19;7647,02002
14/05/19;7734,490234
15/05/19;7822,149902
16/05/19;7898,049805
17/05/19;7816,279785
20/05/19;7702,379883
21/05/19;7785,720215
22/05/19;7750,839844
23/05/19;7628,279785
24/05/19;7637,009766
28/05/19;7607,350098
29/05/19;7547,310059
30/05/19;7567,720215
31/05/19;7453,149902
03/06/19;7333,02002
04/06/19;7527,120117
05/06/19;7575,47998
06/06/19;7615,549805
07/06/19;7742,100098
10/06/19;7823,169922
11/06/19;7822,569824
12/06/19;7792,720215
13/06/19;7837,129883
14/06/19;7796,660156
17/06/19;7845,02002
18/06/19;7953,879883
19/06/19;7987,319824
20/06/19;8051,339844
21/06/19;8031,709961
24/06/19;8005,700195
25/06/19;7884,720215
26/06/19;7909,970215
27/06/19;7967,759766
28/06/19;8006,240234
01/07/19;8091,160156
02/07/19;8109,089844
03/07/19;8170,22998
05/07/19;8161,790039
08/07/19;8098,379883
09/07/19;8141,72998
10/07/19;8202,530273
11/07/19;8196,040039
12/07/19;8244,139648
15/07/19;8258,19043
16/07/19;8222,799805
17/07/19;8185,209961
18/07/19;8207,240234
19/07/19;8146,490234
22/07/19;8204,139648
23/07/19;8251,400391
24/07/19;8321,5
25/07/19;8238,540039
26/07/19;8330,209961
29/07/19;8293,330078
30/07/19;8273,610352
31/07/19;8175,419922
01/08/19;8111,120117
02/08/19;8004,069824
05/08/19;7726,040039
06/08/19;7833,27002
07/08/19;7862,830078
08/08/19;8039,160156
09/08/19;7959,140137
12/08/19;7863,410156
13/08/19;8016,359863
14/08/19;7773,939941
15/08/19;7766,620117
16/08/19;7895,990234
19/08/19;8002,810059
20/08/19;7948,560059
21/08/19;8020,209961
22/08/19;7991,390137
23/08/19;7751,77002
26/08/19;7853,740234
27/08/19;7826,950195
28/08/19;7856,879883
29/08/19;7973,390137
30/08/19;7962,879883
03/09/19;7874,160156
04/09/19;7976,879883
05/09/19;8116,830078
06/09/19;8103,069824
09/09/19;8087,439941
10/09/19;8084,160156
11/09/19;8169,680176
12/09/19;8194,469727
13/09/19;8176,709961
16/09/19;8153,540039
17/09/19;8186,02002
18/09/19;8177,390137
19/09/19;8182,879883
20/09/19;8117,669922
23/09/19;8112,459961
24/09/19;7993,629883
25/09/19;8077,379883
26/09/19;8030,660156
27/09/19;7939,629883
30/09/19;7999,339844
01/10/19;7908,680176
02/10/19;7785,25
03/10/19;7872,259766
04/10/19;7982,470215
07/10/19;7956,290039
08/10/19;7823,779785
09/10/19;7903,740234
10/10/19;7950,779785
11/10/19;8057,040039
14/10/19;8048,649902
15/10/19;8148,709961
16/10/19;8124,180176
17/10/19;8156,850098
18/10/19;8089,540039
21/10/19;8162,990234
22/10/19;8104,299805
23/10/19;8119,790039
24/10/19;8185,799805
25/10/19;8243,120117
28/10/19;8325,990234
29/10/19;8276,849609
30/10/19;8303,980469
31/10/19;8292,360352
01/11/19;8386,400391
04/11/19;8433,200195
05/11/19;8434,679688
06/11/19;8410,629883
07/11/19;8434,519531
08/11/19;8475,30957
11/11/19;8464,280273
12/11/19;8486,089844
13/11/19;8482,099609
14/11/19;8479,019531
15/11/19;8540,830078
18/11/19;8549,94043
19/11/19;8570,660156
20/11/19;8526,730469
21/11/19;8506,209961
22/11/19;8519,879883
25/11/19;8632,490234
26/11/19;8647,929688
27/11/19;8705,179688
29/11/19;8665,469727
02/12/19;8567,990234
03/12/19;8520,639648
04/12/19;8566,669922
05/12/19;8570,700195
06/12/19;8656,530273
09/12/19;8621,830078
10/12/19;8616,179688
11/12/19;8654,049805
12/12/19;8717,320313
13/12/19;8734,879883
16/12/19;8814,230469
17/12/19;8823,360352
18/12/19;8827,740234
19/12/19;8887,219727
20/12/19;8924,959961
23/12/19;8945,650391
24/12/19;8952,879883
26/12/19;9022,389648
27/12/19;9006,620117
30/12/19;8945,990234
31/12/19;8972,599609
02/01/20;9092,19043
03/01/20;9020,769531
06/01/20;9071,469727
07/01/20;9068,580078
08/01/20;9129,240234
09/01/20;9203,429688
10/01/20;9178,860352
13/01/20;9273,929688
14/01/20;9251,330078
15/01/20;9258,700195
16/01/20;9357,129883
17/01/20;9388,94043
21/01/20;9370,80957
22/01/20;9383,769531
23/01/20;9402,480469
24/01/20;9314,910156
27/01/20;9139,30957
28/01/20;9269,679688
29/01/20;9275,160156
30/01/20;9298,929688
31/01/20;9150,94043
03/02/20;9273,400391
04/02/20;9467,969727
05/02/20;9508,679688
06/02/20;9572,150391
07/02/20;9520,509766
10/02/20;9628,389648
11/02/20;9638,94043
12/02/20;9725,959961
13/02/20;9711,969727
14/02/20;9731,179688
18/02/20;9732,740234
19/02/20;9817,179688
20/02/20;9750,969727
21/02/20;9576,589844
24/02/20;9221,280273
25/02/20;8965,610352
26/02/20;8980,780273
27/02/20;8566,480469
28/02/20;8567,370117
02/03/20;8952,169922
03/03/20;8684,089844
04/03/20;9018,089844
05/03/20;8738,589844
06/03/20;8575,620117
09/03/20;7950,680176
10/03/20;8344,25
11/03/20;7952,049805
12/03/20;7201,799805
13/03/20;7874,879883
16/03/20;6904,589844
17/03/20;7334,779785
18/03/20;6989,839844
19/03/20;7150,580078
20/03/20;6879,52002
23/03/20;6860,669922
24/03/20;7417,859863
25/03/20;7384,299805
26/03/20;7797,540039
27/03/20;7502,379883
30/03/20;7774,149902
31/03/20;7700,100098
01/04/20;7360,580078
02/04/20;7487,310059
03/04/20;7373,080078
06/04/20;7913,240234
07/04/20;7887,259766
08/04/20;8090,899902
09/04/20;8153,580078
13/04/20;8192,419922
14/04/20;8515,740234
15/04/20;8393,179688
16/04/20;8532,360352
17/04/20;8650,139648
20/04/20;8560,730469
21/04/20;8263,230469
22/04/20;8495,379883
23/04/20;8494,75
24/04/20;8634,519531
27/04/20;8730,160156
28/04/20;8607,730469
29/04/20;8914,709961
30/04/20;8889,549805
01/05/20;8604,950195
04/05/20;8710,709961
05/05/20;8809,120117
06/05/20;8854,389648
07/05/20;8979,660156
08/05/20;9121,320313
11/05/20;9192,339844
12/05/20;9002,549805
13/05/20;8863,169922
14/05/20;8943,719727
15/05/20;9014,55957
18/05/20;9234,830078
19/05/20;9185,099609
20/05/20;9375,780273
21/05/20;9284,879883
22/05/20;9324,589844
26/05/20;9340,219727
27/05/20;9412,360352
28/05/20;9368,990234
29/05/20;9489,870117
01/06/20;9552,049805
02/06/20;9608,379883
03/06/20;9682,910156
04/06/20;9615,80957
05/06/20;9814,080078
08/06/20;9924,75
09/06/20;9953,75
10/06/20;10020,34961
11/06/20;9492,730469
12/06/20;9588,80957
15/06/20;9726,019531
16/06/20;9895,870117
17/06/20;9910,530273
18/06/20;9943,049805
19/06/20;9946,120117
22/06/20;10056,48047
23/06/20;10131,37012
24/06/20;9909,169922
25/06/20;10017
26/06/20;9757,219727
29/06/20;9874,150391
30/06/20;10058,76953
01/07/20;10154,62988
02/07/20;10207,62988
06/07/20;10433,65039
07/07/20;10343,88965
08/07/20;10492,5
09/07/20;10547,75
10/07/20;10617,44043
13/07/20;10390,83984
14/07/20;10488,58008
15/07/20;10550,49023
16/07/20;10473,83008
17/07/20;10503,19043
20/07/20;10767,08984
21/07/20;10680,36035
22/07/20;10706,12988
23/07/20;10461,41992
24/07/20;10363,17969
27/07/20;10536,26953
28/07/20;10402,08984
29/07/20;10542,94043
30/07/20;10587,80957
31/07/20;10745,26953
03/08/20;10902,7998
04/08/20;10941,16992
05/08/20;10998,40039
06/08/20;11108,07031
07/08/20;11010,98047
10/08/20;10968,36035
11/08/20;10782,82031
12/08/20;11012,24023
13/08/20;11042,5
14/08/20;11019,2998
17/08/20;11129,73047
18/08/20;11210,83984
19/08/20;11146,45996
20/08/20;11264,9502
21/08/20;11311,7998
24/08/20;11379,71973
25/08/20;11466,46973
26/08/20;11665,05957
27/08/20;11625,33984
28/08/20;11695,62988
31/08/20;11775,45996
01/09/20;11939,66992
02/09/20;12056,44043
03/09/20;11458,09961
04/09/20;11313,12988
08/09/20;10847,69043
09/09/20;11141,55957
10/09/20;10919,58984
11/09/20;10853,5498
14/09/20;11056,65039
15/09/20;11190,32031
16/09/20;11050,46973
17/09/20;10910,28027
18/09/20;10793,28027
21/09/20;10778,7998
22/09/20;10963,63965
23/09/20;10632,99023
24/09/20;10672,26953
25/09/20;10913,55957
28/09/20;11117,53027
29/09/20;11085,25
30/09/20;11167,50977
01/10/20;11326,50977
02/10/20;11075,01953
05/10/20;11332,49023
06/10/20;11154,59961
07/10/20;11364,59961
08/10/20;11420,98047
09/10/20;11579,94043
12/10/20;11876,25977
13/10/20;11863,90039
14/10/20;11768,73047
15/10/20;11713,87012
16/10/20;11671,55957
19/10/20;11478,87988
20/10/20;11516,49023
21/10/20;11484,69043
22/10/20;11506,00977
23/10/20;11548,28027
26/10/20;11358,94043
27/10/20;11431,34961
28/10/20;11004,87012
29/10/20;11185,58984
30/10/20;10911,58984
02/11/20;10957,61035
03/11/20;11160,57031
04/11/20;11590,78027
05/11/20;11890,92969
06/11/20;11895,23047
09/11/20;11713,78027
10/11/20;11553,86035
11/11/20;11786,42969
12/11/20;11709,58984
13/11/20;11829,29004
16/11/20;11924,12988
17/11/20;11899,33984
18/11/20;11801,59961
19/11/20;11904,70996
20/11/20;11854,96973
23/11/20;11880,62988
24/11/20;12036,79004
25/11/20;12094,40039
27/11/20;12205,84961
30/11/20;12198,74023
01/12/20;12355,11035
02/12/20;12349,37012
03/12/20;12377,17969
04/12/20;12464,23047
07/12/20;12519,9502
08/12/20;12582,76953
09/12/20;12338,9502
10/12/20;12405,80957
11/12/20;12377,87012
14/12/20;12440,04004
15/12/20;12595,05957
16/12/20;12658,19043
17/12/20;12764,75
18/12/20;12755,63965
21/12/20;12742,51953
22/12/20;12807,91992
23/12/20;12771,11035
24/12/20;12804,73047
28/12/20;12899,41992
29/12/20;12850,21973
30/12/20;12870
31/12/20;12888,28027
04/01/21;12698,4502
05/01/21;12818,95996
06/01/21;12740,79004
07/01/21;13067,48047
08/01/21;13201,98047
11/01/21;13036,42969
12/01/21;13072,42969
13/01/21;13128,9502
14/01/21;13112,63965
15/01/21;12998,5
19/01/21;13197,17969
20/01/21;13457,25
21/01/21;13530,91016
22/01/21;13543,05957
25/01/21;13635,99023
26/01/21;13626,05957
27/01/21;13270,59961
28/01/21;13337,16016
29/01/21;13070,69043
01/02/21;13403,38965
02/02/21;13612,78027
03/02/21;13610,54004
04/02/21;13777,74023
05/02/21;13856,2998
08/02/21;13987,63965
09/02/21;14007,7002
10/02/21;13972,53027
11/02/21;14025,76953
12/02/21;14095,46973
16/02/21;14047,5
17/02/21;13965,49023
18/02/21;13865,36035
19/02/21;13874,45996
22/02/21;13533,0498
23/02/21;13465,2002
24/02/21;13597,96973
25/02/21;13119,42969
26/02/21;13192,34961
01/03/21;13588,83008
02/03/21;13358,79004
03/03/21;12997,75
04/03/21;12723,46973
05/03/21;12920,15039
08/03/21;12609,16016
09/03/21;13073,82031
10/03/21;13068,83008
11/03/21;13398,66992
12/03/21;13319,86035
15/03/21;13459,70996
16/03/21;13471,57031
17/03/21;13525,2002
18/03/21;13116,16992
19/03/21;13215,24023
22/03/21;13377,54004
23/03/21;13227,7002
24/03/21;12961,88965
25/03/21;12977,67969
26/03/21;13138,73047
29/03/21;13059,65039
30/03/21;13045,38965
31/03/21;13246,87012
01/04/21;13480,11035
05/04/21;13705,58984
06/04/21;13698,37988
07/04/21;13688,83984
08/04/21;13829,30957
09/04/21;13900,19043
12/04/21;13850
13/04/21;13996,09961
14/04/21;13857,83984
15/04/21;14038,75977
16/04/21;14052,33984
19/04/21;13914,76953
20/04/21;13786,26953
21/04/21;13950,21973
22/04/21;13818,41016
23/04/21;14016,80957
26/04/21;14138,78027
27/04/21;14090,21973
28/04/21;14051,03027
29/04/21;14082,5498
30/04/21;13962,67969
03/05/21;13895,12012
04/05/21;13633,5
05/05/21;13582,41992
06/05/21;13632,83984
07/05/21;13752,24023
10/05/21;13401,86035
11/05/21;13389,42969
12/05/21;13031,67969
13/05/21;13124,99023
14/05/21;13429,98047
17/05/21;13379,0498
18/05/21;13303,63965
19/05/21;13299,74023
20/05/21;13535,74023
21/05/21;13470,99023
24/05/21;13661,16992
25/05/21;13657,16992
26/05/21;13738
27/05/21;13736,28027
28/05/21;13748,74023
01/06/21;13736,48047
02/06/21;13756,33008
03/06/21;13614,50977
04/06/21;13814,49023
07/06/21;13881,71973
08/06/21;13924,91016
09/06/21;13911,75
10/06/21;14020,33008
11/06/21;14069,41992
14/06/21;14174,13965
15/06/21;14072,86035
16/06/21;14039,67969
17/06/21;14161,34961
18/06/21;14030,37988
21/06/21;14141,48047
22/06/21;14253,26953
23/06/21;14271,73047
24/06/21;14369,70996
25/06/21;14360,38965
28/06/21;14500,50977
29/06/21;14528,33008
30/06/21;14503,9502
01/07/21;14522,37988
02/07/21;14639,33008
06/07/21;14663,63965
07/07/21;14665,05957
08/07/21;14559,78027
09/07/21;14701,91992
12/07/21;14733,24023
13/07/21;14677,65039
14/07/21;14644,9502
15/07/21;14543,12988
16/07/21;14427,24023
19/07/21;14274,98047
20/07/21;14498,87988
21/07/21;14631,9502
22/07/21;14684,59961
23/07/21;14836,99023
26/07/21;14840,70996
27/07/21;14660,58008
28/07/21;14762,58008
29/07/21;14778,25977
30/07/21;14672,67969
02/08/21;14681,07031
03/08/21;14761,29004
04/08/21;14780,53027
05/08/21;14895,12012
06/08/21;14835,75977
09/08/21;14860,17969
10/08/21;14788,08984
11/08/21;14765,13965
12/08/21;14816,25977
13/08/21;14822,90039
16/08/21;14793,75977
17/08/21;14656,17969
18/08/21;14525,91016
19/08/21;14541,79004
20/08/21;14714,66016
23/08/21;14942,65039
24/08/21;15019,7998
25/08/21;15041,86035
26/08/21;14945,80957
27/08/21;15129,5
30/08/21;15265,88965
31/08/21;15259,24023
01/09/21;15309,37988
02/09/21;15331,17969
03/09/21;15363,51953
07/09/21;15374,33008
08/09/21;15286,63965
09/09/21;15248,25
10/09/21;15115,49023
13/09/21;15105,58008
14/09/21;15037,75977
15/09/21;15161,53027
16/09/21;15181,91992
17/09/21;15043,96973
20/09/21;14713,90039
21/09/21;14746,40039
22/09/21;14896,84961
23/09/21;15052,24023
24/09/21;15047,7002
27/09/21;14969,96973
28/09/21;14546,67969
29/09/21;14512,44043
30/09/21;14448,58008
01/10/21;14566,7002
04/10/21;14255,48047
05/10/21;14433,83008
06/10/21;14501,91016
07/10/21;14654,01953
08/10/21;14579,54004
11/10/21;14486,2002
12/10/21;14465,91992
13/10/21;14571,63965
14/10/21;14823,42969
15/10/21;14897,33984
18/10/21;15021,80957
19/10/21;15129,08984
20/10/21;15121,67969
21/10/21;15215,7002
22/10/21;15090,2002
25/10/21;15226,70996
26/10/21;15235,70996
27/10/21;15235,83984
28/10/21;15448,12012
29/10/21;15498,38965
01/11/21;15595,91992
02/11/21;15649,59961
03/11/21;15811,58008
04/11/21;15940,30957
05/11/21;15971,58984
08/11/21;15982,36035
09/11/21;15886,54004
10/11/21;15622,70996
11/11/21;15704,28027
12/11/21;15860,95996
15/11/21;15853,84961
16/11/21;15973,86035
17/11/21;15921,57031
18/11/21;15993,70996
19/11/21;16057,44043
22/11/21;15854,75977
23/11/21;15775,13965
24/11/21;15845,23047
26/11/21;15491,66016
29/11/21;15782,83008
30/11/21;15537,69043
01/12/21;15254,0498
02/12/21;15381,32031
03/12/21;15085,46973
06/12/21;15225,15039
07/12/21;15686,91992
08/12/21;15786,99023
09/12/21;15517,37012
10/12/21;15630,59961
13/12/21;15413,28027
14/12/21;15237,63965
15/12/21;15565,58008
16/12/21;15180,42969
17/12/21;15169,67969
20/12/21;14980,94043
21/12/21;15341,08984
22/12/21;15521,88965
23/12/21;15653,37012
27/12/21;15871,25977
28/12/21;15781,71973
29/12/21;15766,21973
30/12/21;15741,55957
31/12/21;15644,96973
03/01/22;15832,7998
04/01/22;15622,71973
05/01/22;15100,16992
06/01/22;15080,86035
07/01/22;14935,90039
10/01/22;14942,83008
11/01/22;15153,4502
12/01/22;15188,38965
13/01/22;14806,80957
14/01/22;14893,75
18/01/22;14506,90039
19/01/22;14340,25977
20/01/22;14154,01953
21/01/22;13768,91992
24/01/22;13855,12988
25/01/22;13539,29004
26/01/22;13542,12012
27/01/22;13352,78027
28/01/22;13770,57031
31/01/22;14239,87988
01/02/22;14346
02/02/22;14417,5498
03/02/22;13878,82031
04/02/22;14098,00977
07/02/22;14015,66992
08/02/22;14194,4502
09/02/22;14490,37012
10/02/22;14185,63965
11/02/22;13791,15039
14/02/22;13790,91992
15/02/22;14139,75977
16/02/22;14124,08984
17/02/22;13716,71973
18/02/22;13548,07031
22/02/22;13381,51953
23/02/22;13037,49023
24/02/22;13473,58984
25/02/22;13694,62012
28/02/22;13751,40039
01/03/22;13532,45996
02/03/22;13752,01953
03/03/22;13537,94043
04/03/22;13313,44043
07/03/22;12830,95996
08/03/22;12795,5498
09/03/22;13255,5498
10/03/22;13129,95996
11/03/22;12843,80957
14/03/22;12581,21973
15/03/22;12948,62012
16/03/22;13436,5498
17/03/22;13614,78027
18/03/22;13893,83984
21/03/22;13838,45996
22/03/22;14108,82031
23/03/22;13922,59961
24/03/22;14191,83984
25/03/22;14169,2998
28/03/22;14354,90039
29/03/22;14619,63965
30/03/22;14442,26953
31/03/22;14220,51953
01/04/22;14261,5
04/04/22;14532,5498
05/04/22;14204,16992
06/04/22;13888,82031
07/04/22;13897,2998
08/04/22;13711
11/04/22;13411,95996
12/04/22;13371,57031
13/04/22;13643,58984
14/04/22;13351,08008
18/04/22;13332,36035
19/04/22;13619,66016
20/04/22;13453,07031
21/04/22;13174,65039
22/04/22;12839,29004
25/04/22;13004,84961
26/04/22;12490,74023
27/04/22;12488,92969
28/04/22;12871,53027
29/04/22;12334,63965
02/05/22;12536,01953
03/05/22;12563,75977
04/05/22;12964,86035
05/05/22;12317,69043
06/05/22;12144,66016
09/05/22;11623,25
10/05/22;11737,66992
11/05/22;11364,24023
12/05/22;11370,95996
13/05/22;11805
16/05/22;11662,79004
17/05/22;11984,51953
18/05/22;11418,15039
19/05/22;11388,5
20/05/22;11354,62012
23/05/22;11535,26953
24/05/22;11264,4502
25/05/22;11434,74023
26/05/22;11740,65039
27/05/22;12131,12988
31/05/22;12081,38965
01/06/22;11994,45996
02/06/22;12316,90039
03/06/22;12012,73047
06/06/22;12061,37012
07/06/22;12175,23047
08/06/22;12086,26953
09/06/22;11754,23047
10/06/22;11340,01953
13/06/22;10809,23047
14/06/22;10828,34961
15/06/22;11099,15039
16/06/22;10646,09961
17/06/22;10798,34961
21/06/22;11069,2998
22/06/22;11053,08008
23/06/22;11232,19043
24/06/22;11607,62012
27/06/22;11524,5498
28/06/22;11181,54004
29/06/22;11177,88965
30/06/22;11028,74023
01/07/22;11127,84961
05/07/22;11322,24023
06/07/22;11361,84961
07/07/22;11621,34961
08/07/22;11635,30957
11/07/22;11372,59961
12/07/22;11264,73047
13/07/22;11247,58008
14/07/22;11251,19043
15/07/22;11452,41992
18/07/22;11360,0498
19/07/22;11713,15039
20/07/22;11897,65039
21/07/22;12059,61035
22/07/22;11834,11035
25/07/22;11782,66992
26/07/22;11562,57031
27/07/22;12032,41992
28/07/22;12162,58984
29/07/22;12390,69043
01/08/22;12368,98047
02/08/22;12348,75977
03/08/22;12668,16016
04/08/22;12720,58008
05/08/22;12657,5498
08/08/22;12644,45996
09/08/22;12493,92969
10/08/22;12854,7998
11/08/22;12779,91016
12/08/22;13047,19043
15/08/22;13128,0498
16/08/22;13102,5498
17/08/22;12938,12012
18/08/22;12965,33984
19/08/22;12705,21973
22/08/22;12381,57031
23/08/22;12381,2998
24/08/22;12431,53027
25/08/22;12639,26953
26/08/22;12141,70996
29/08/22;12017,66992
30/08/22;11883,13965
31/08/22;11816,2002
01/09/22;11785,12988
02/09/22;11630,86035
06/09/22;11544,91016
07/09/22;11791,90039
08/09/22;11862,12988
09/09/22;12112,30957
12/09/22;12266,41016
13/09/22;11633,57031
14/09/22;11719,67969
15/09/22;11552,36035
16/09/22;11448,40039
19/09/22;11535,01953
20/09/22;11425,0498
21/09/22;11220,19043
22/09/22;11066,80957
23/09/22;10867,92969
26/09/22;10802,91992
27/09/22;10829,5
28/09/22;11051,63965
29/09/22;10737,50977
30/09/22;10575,62012
03/10/22;10815,42969
04/10/22;11176,41016
05/10/22;11148,63965
06/10/22;11073,30957
07/10/22;10652,40039
10/10/22;10542,09961
11/10/22;10426,19043
12/10/22;10417,09961
13/10/22;10649,15039
14/10/22;10321,38965
17/10/22;10675,7998
18/10/22;10772,40039
19/10/22;10680,50977
20/10/22;10614,83984
21/10/22;10859,71973
24/10/22;10952,61035
25/10/22;11199,12012
26/10/22;10970,99023
27/10/22;10792,66992
28/10/22;11102,4502
31/10/22;10988,15039
01/11/22;10890,84961
02/11/22;10524,7998
03/11/22;10342,94043
04/11/22;10475,25
07/11/22;10564,51953
08/11/22;10616,2002
09/11/22;10353,16992
10/11/22;11114,15039
11/11/22;11323,33008
14/11/22;11196,21973
15/11/22;11358,41016
16/11/22;11183,66016
17/11/22;11144,95996
18/11/22;11146,05957
21/11/22;11024,50977
22/11/22;11174,41016
23/11/22;11285,32031
25/11/22;11226,36035
28/11/22;11049,5
29/11/22;10983,78027
30/11/22;11468
01/12/22;11482,4502
02/12/22;11461,5
05/12/22;11239,94043
06/12/22;11014,88965
07/12/22;10958,5498
08/12/22;11082
09/12/22;11004,62012
12/12/22;11143,74023
13/12/22;11256,80957
14/12/22;11170,88965
15/12/22;10810,53027
16/12/22;10705,41016
19/12/22;10546,03027
20/12/22;10547,11035
21/12/22;10709,37012
22/12/22;10476,12012
23/12/22;10497,86035
27/12/22;10353,23047
28/12/22;10213,29004
29/12/22;10478,08984
30/12/22;10466,48047
03/01/23;10386,98047
04/01/23;10458,75977
05/01/23;10305,24023
06/01/23;10569,29004
09/01/23;10635,65039
10/01/23;10742,62988
11/01/23;10931,66992
12/01/23;11001,09961
13/01/23;11079,16016
17/01/23;11095,11035
18/01/23;10957,00977
19/01/23;10852,26953
20/01/23;11140,42969
23/01/23;11364,41016
24/01/23;11334,26953
25/01/23;11313,36035
26/01/23;11512,41016
27/01/23;11621,70996
30/01/23;11393,80957
31/01/23;11584,5498
01/02/23;11816,32031
02/02/23;12200,82031
03/02/23;12006,9502
06/02/23;11887,4502
07/02/23;12113,79004
08/02/23;11910,51953
09/02/23;11789,58008
10/02/23;11718,12012
13/02/23;11891,79004
14/02/23;11960,15039
15/02/23;12070,58984
16/02/23;11855,83008
17/02/23;11787,26953
21/02/23;11492,2998
22/02/23;11507,07031
23/02/23;11590,40039
24/02/23;11394,94043
27/02/23;11466,98047
28/02/23;11455,54004
01/03/23;11379,48047
02/03/23;11462,98047
03/03/23;11689,00977
06/03/23;11675,74023
07/03/23;11530,33008
08/03/23;11576
09/03/23;11338,34961
10/03/23;11138,88965
13/03/23;11188,83984
14/03/23;11428,15039
15/03/23;11434,0498
16/03/23;11717,28027
17/03/23;11630,50977
20/03/23;11675,54004
21/03/23;11860,11035
22/03/23;11669,95996
23/03/23;11787,40039
24/03/23;11823,95996
27/03/23;11768,83984
28/03/23;11716,08008
29/03/23;11926,24023
30/03/23;12013,46973
31/03/23;12221,91016
03/04/23;12189,4502
04/04/23;12126,33008
05/04/23;11996,86035
06/04/23;12087,95996
10/04/23;12084,36035
11/04/23;12031,87988
12/04/23;11929,33984
13/04/23;12166,26953
14/04/23;12123,46973
17/04/23;12157,71973
18/04/23;12153,41016
19/04/23;12157,23047
20/04/23;12059,55957
21/04/23;12072,45996
24/04/23;12037,2002
25/04/23;11799,16016
26/04/23;11854,34961
27/04/23;12142,24023
28/04/23;12226,58008
01/05/23;12212,59961
02/05/23;12080,50977
03/05/23;12025,33008
04/05/23;11966,40039
05/05/23;12235,41016
08/05/23;12256,91992
09/05/23;12179,5498
10/05/23;12306,44043
11/05/23;12328,50977
12/05/23;12284,74023
15/05/23;12365,20996
16/05/23;12343,0498
17/05/23;12500,57031
18/05/23;12688,83984
19/05/23;12657,90039
22/05/23;12720,78027
23/05/23;12560,25
24/05/23;12484,16016
25/05/23;12698,08984
26/05/23;12975,69043
30/05/23;13017,42969
31/05/23;12935,29004
01/06/23;13100,98047
02/06/23;13240,76953
05/06/23;13229,42969
06/06/23;13276,41992
07/06/23;13104,90039
08/06/23;13238,51953
09/06/23;13259,13965
12/06/23;13461,91992
13/06/23;13573,32031
14/06/23;13626,48047
15/06/23;13782,82031
16/06/23;13689,57031
20/06/23;13667,29004
21/06/23;13502,2002
22/06/23;13630,61035
23/06/23;13492,51953
26/06/23;13335,78027
27/06/23;13555,66992
28/06/23;13591,75
29/06/23;13591,33008
30/06/23;13787,91992
03/07/23;13816,76953
05/07/23;13791,65039
06/07/23;13679,04004
07/07/23;13660,71973
10/07/23;13685,48047
11/07/23;13760,7002
12/07/23;13918,95996
13/07/23;14138,57031
14/07/23;14113,7002
17/07/23;14244,9502
18/07/23;14353,63965
19/07/23;14358,01953
20/07/23;14063,30957
21/07/23;14032,80957
24/07/23;14058,87012
25/07/23;14144,55957
26/07/23;14127,28027
27/07/23;14050,11035
28/07/23;14316,66016
31/07/23;14346,01953
01/08/23;14283,91016
02/08/23;13973,4502
03/08/23;13959,71973
04/08/23;13909,24023
07/08/23;13994,40039
08/08/23;13884,32031
09/08/23;13722,01953
10/08/23;13737,99023
11/08/23;13644,84961
14/08/23;13788,33008
15/08/23;13631,0498
16/08/23;13474,62988
17/08/23;13316,92969
18/08/23;13290,78027
21/08/23;13497,58984
22/08/23;13505,87012
23/08/23;13721,03027
24/08/23;13463,96973
25/08/23;13590,65039
28/08/23;13705,12988
29/08/23;13943,75977
30/08/23;14019,30957
31/08/23;14034,96973
01/09/23;14031,80957
05/09/23;14020,9502
06/09/23;13872,46973
07/09/23;13748,83008
08/09/23;13761,53027
11/09/23;13917,88965
12/09/23;13773,61035
13/09/23;13813,58984
14/09/23;13926,0498
15/09/23;13708,33008
18/09/23;13710,24023
19/09/23;13678,19043
20/09/23;13469,12988
21/09/23;13223,98047
22/09/23;13211,80957
25/09/23;13271,32031
26/09/23;13063,61035
27/09/23;13092,84961
28/09/23;13201,28027
29/09/23;13219,32031
02/10/23;13307,76953
03/10/23;13059,46973
04/10/23;13236,00977
05/10/23;13219,83008
06/10/23;13431,33984
09/10/23;13484,24023
10/10/23;13562,83984
11/10/23;13659,67969
12/10/23;13574,21973
13/10/23;13407,23047
16/10/23;13567,98047
17/10/23;13533,75
18/10/23;13314,2998
19/10/23;13186,17969
20/10/23;12983,80957
23/10/23;13018,33008
24/10/23;13139,87012
25/10/23;12821,21973
26/10/23;12595,61035
27/10/23;12643,00977
30/10/23;12789,48047
31/10/23;12851,24023
01/11/23;13061,46973
02/11/23;13294,19043
03/11/23;13478,28027
06/11/23;13518,78027
07/11/23;13639,86035
08/11/23;13650,41016
09/11/23;13521,4502
10/11/23;13798,11035
13/11/23;13767,74023
14/11/23;14094,37988
15/11/23;14103,83984
16/11/23;14113,66992
17/11/23;14125,48047
20/11/23;14284,53027
21/11/23;14199,98047
22/11/23;14265,86035
24/11/23;14250,84961
27/11/23;14241,01953
28/11/23;14281,75977
29/11/23;14258,49023
30/11/23;14226,21973
01/12/23;14305,03027
04/12/23;14185,49023
05/12/23;14229,91016
06/12/23;14146,70996
07/12/23;14339,99023
08/12/23;14403,96973
11/12/23;14432,49023
12/12/23;14533,40039
13/12/23;14733,95996
14/12/23;14761,55957
15/12/23;14813,91992
18/12/23;14904,80957
19/12/23;15003,21973
20/12/23;14777,94043
21/12/23;14963,87012
22/12/23;14992,96973
26/12/23;15074,57031
27/12/23;15099,17969
28/12/23;15095,13965
29/12/23;15011,34961
02/01/24;14765,94043
03/01/24;14592,20996
04/01/24;14510,2998
05/01/24;14524,07031
08/01/24;14843,76953
09/01/24;14857,70996
10/01/24;14969,65039
11/01/24;14970,19043
12/01/24;14972,75977
16/01/24;14944,34961
17/01/24;14855,62012
18/01/24;15055,65039
19/01/24;15310,96973
22/01/24;15360,29004
23/01/24;15425,94043
24/01/24;15481,91992
25/01/24;15510,5
26/01/24;15455,36035
29/01/24;15628,04004
30/01/24;15509,90039
31/01/24;15164,00977
01/02/24;15361,63965
02/02/24;15628,9502
05/02/24;15597,67969
06/02/24;15609
07/02/24;15756,63965
08/02/24;15793,70996
09/02/24;15990,66016
12/02/24;15942,5498
13/02/24;15655,59961
14/02/24;15859,15039
15/02/24;15906,16992
16/02/24;15775,65039
20/02/24;15630,78027
21/02/24;15580,87012
22/02/24;16041,62012
23/02/24;15996,82031
26/02/24;15976,25
27/02/24;16035,2998
28/02/24;15947,74023
29/02/24;16091,91992
01/03/24;16274,94043
04/03/24;16207,50977
05/03/24;15939,58984
06/03/24;16031,54004
07/03/24;16273,37988
08/03/24;16085,11035
11/03/24;16019,26953
12/03/24;16265,63965
13/03/24;16177,76953
14/03/24;16128,53027
15/03/24;15973,16992
18/03/24;16103,4502
19/03/24;16166,79004
20/03/24;16369,41016
21/03/24;16401,83984
22/03/24;16428,82031
25/03/24;16384,4707
26/03/24;16315,7002
27/03/24;16399,51953
28/03/24;16379,45996
01/04/24;16396,83008
02/04/24;16240,4502
03/04/24;16277,45996
04/04/24;16049,08008
05/04/24;16248,51953
08/04/24;16253,95996
09/04/24;16306,63965
10/04/24;16170,36035
11/04/24;16442,19922
12/04/24;16175,08984
15/04/24;15885,01953
16/04/24;15865,25
17/04/24;15683,37012
18/04/24;15601,5
19/04/24;15282,00977
22/04/24;15451,30957
23/04/24;15696,63965
24/04/24;15712,75
25/04/24;15611,75977
26/04/24;15927,90039
29/04/24;15983,08008
30/04/24;15657,82031
01/05/24;15605,48047
02/05/24;15840,95996
03/05/24;16156,33008
06/05/24;16349,25
07/05/24;16332,55957
08/05/24;16302,75977
09/05/24;16346,25977
10/05/24;16340,87012
13/05/24;16388,24023
14/05/24;16511,17969
15/05/24;16742,39063
16/05/24;16698,32031
17/05/24;16685,9707
20/05/24;16794,86914
21/05/24;16832,61914
22/05/24;16801,53906
23/05/24;16736,0293
24/05/24;16920,78906
28/05/24;17019,88086
29/05/24;16920,58008
30/05/24;16737,08008
31/05/24;16735,01953
03/06/24;16828,66992
04/06/24;16857,05078
05/06/24;17187,90039
06/06/24;17173,11914
07/06/24;17133,13086
10/06/24;17192,5293
11/06/24;17343,55078
12/06/24;17608,43945
13/06/24;17667,56055
14/06/24;17688,88086
17/06/24;17857,01953
18/06/24;17862,23047
20/06/24;17721,58984
21/06/24;17689,35938
24/06/24;17496,82031
25/06/24;17717,65039
26/06/24;17805,16016
27/06/24;17858,67969
28/06/24;17732,59961
01/07/24;17879,30078
02/07/24;18028,75977
03/07/24;18188,30078
05/07/24;18352,75977
08/07/24;18403,74023
09/07/24;18429,28906
10/07/24;18647,44922
11/07/24;18283,41016
12/07/24;18398,44922
15/07/24;18472,57031
16/07/24;18509,33984
17/07/24;17996,91992
18/07/24;17871,2207
19/07/24;17726,93945
22/07/24;18007,57031
23/07/24;17997,34961
24/07/24;17342,41016
25/07/24;17181,7207
26/07/24;17357,88086
29/07/24;17370,19922
30/07/24;17147,41992
31/07/24;17599,40039
01/08/24;17194,15039
02/08/24;16776,16016
05/08/24;16200,08008
06/08/24;16366,84961
07/08/24;16195,80957
08/08/24;16660,01953
09/08/24;16745,30078
12/08/24;16780,60938
13/08/24;17187,60938
14/08/24;17192,59961
15/08/24;17594,5
16/08/24;17631,7207
19/08/24;17876,76953
20/08/24;17816,93945
21/08/24;17918,99023
22/08/24;17619,34961
23/08/24;17877,78906
26/08/24;17725,76953
27/08/24;17754,82031
28/08/24;17556,0293
29/08/24;17516,42969
30/08/24;17713,61914
03/09/24;17136,30078
04/09/24;17084,30078
05/09/24;17127,66016
06/09/24;16690,83008
09/09/24;16884,59961
10/09/24;17025,88086
11/09/24;17395,5293
12/09/24;17569,67969
13/09/24;17683,98047
16/09/24;17592,13086
17/09/24;17628,06055
18/09/24;17573,30078
19/09/24;18013,98047
20/09/24;17948,32031
23/09/24;17974,26953
24/09/24;18074,51953
25/09/24;18082,21094
26/09/24;18190,28906
27/09/24;18119,58984
30/09/24;18189,16992
01/10/24;17910,35938
02/10/24;17925,11914
03/10/24;17918,48047
04/10/24;18137,84961
07/10/24;17923,90039
08/10/24;18182,91992
09/10/24;18291,61914
10/10/24;18282,05078
11/10/24;18342,93945
14/10/24;18502,68945
15/10/24;18315,58984
16/10/24;18367,08008
17/10/24;18373,60938
18/10/24;18489,55078
21/10/24;18540,00977
22/10/24;18579,76953
23/10/24;18276,65039
24/10/24;18415,49023
25/10/24;18518,60938
28/10/24;18567,18945
29/10/24;18712,75
30/10/24;18607,92969
31/10/24;18095,15039
01/11/24;18239,91992
04/11/24;18179,98047
05/11/24;18439,16992
06/11/24;18983,4707
07/11/24;19269,46094
08/11/24;19286,7793
11/11/24;19298,75977
12/11/24;19281,40039
13/11/24;19230,7207
14/11/24;19107,65039
15/11/24;18680,11914
18/11/24;18791,81055
19/11/24;18987,4707
20/11/24;18966,14063
21/11/24;18972,41992
22/11/24;19003,65039
25/11/24;19054,83984
26/11/24;19174,30078
27/11/24;19060,48047
29/11/24;19218,16992
02/12/24;19403,94922
03/12/24;19480,91016
04/12/24;19735,11914
05/12/24;19700,25977
06/12/24;19859,76953
09/12/24;19736,68945
10/12/24;19687,24023
11/12/24;20034,89063
12/12/24;19902,83984
13/12/24;19926,7207
16/12/24;20173,89063
17/12/24;20109,06055
18/12/24;19392,68945
19/12/24;19372,76953
20/12/24;19572,59961
23/12/24;19764,88086
24/12/24;20031,13086
26/12/24;20020,35938
27/12/24;19722,0293
30/12/24;19486,78906
31/12/24;19310,78906
02/01/25;19280,78906
03/01/25;19621,67969
06/01/25;19864,98047
07/01/25;19489,67969
08/01/25;19478,88086
10/01/25;19161,63086
13/01/25;19088,09961
14/01/25;19044,39063
15/01/25;19511,23047
16/01/25;19338,28906
17/01/25;19630,19922
21/01/25;19756,7793
22/01/25;20009,33984
23/01/25;20053,67969
24/01/25;19954,30078
27/01/25;19341,83008
28/01/25;19733,58984
29/01/25;19632,32031
30/01/25;19681,75
31/01/25;19627,43945
03/02/25;19391,96094
04/02/25;19654,01953
05/02/25;19692,33008
06/02/25;19791,99023
07/02/25;19523,40039
10/02/25;19714,26953
11/02/25;19643,85938
12/02/25;19649,94922
13/02/25;19945,64063
14/02/25;20026,76953
18/02/25;20041,25977
19/02/25;20056,25
20/02/25;19962,35938
21/02/25;19524,00977
24/02/25;19286,92969
25/02/25;19026,39063
26/02/25;19075,25977
27/02/25;18544,41992
28/02/25;18847,2793
03/03/25;18350,18945
04/03/25;18285,16016
05/03/25;18552,73047
06/03/25;18069,25977
07/03/25;18196,2207
10/03/25;17468,32031
11/03/25;17436,09961
12/03/25;17648,44922
13/03/25;17303,00977
14/03/25;17754,08984
17/03/25;17808,66016
18/03/25;17504,11914
19/03/25;17750,78906
20/03/25;17691,63086
21/03/25;17784,05078
24/03/25;18188,58984
25/03/25;18271,85938
26/03/25;17899,01953
27/03/25;17804,0293
28/03/25;17322,99023
31/03/25;17299,28906
01/04/25;17449,89063
02/04/25;17601,05078
03/04/25;16550,60938
04/04/25;15587,79004
07/04/25;15603,25977
08/04/25;15267,91016
09/04/25;17124,9707
10/04/25;16387,31055
11/04/25;16724,46094
14/04/25;16831,48047
15/04/25;16823,16992
16/04/25;16307,16016
17/04/25;16286,4502
21/04/25;15870,90039
22/04/25;16300,41992
23/04/25;16708,05078
24/04/25;17166,03906
25/04/25;17382,93945
28/04/25;17366,13086
29/04/25;17461,32031
30/04/25;17446,33984
01/05/25;17710,74023
02/05/25;17977,73047
05/05/25;17844,24023
06/05/25;17689,66016
07/05/25;17738,16016
08/05/25;17928,14063
09/05/25;17928,91992
12/05/25;18708,33984
13/05/25;19010,08984
14/05/25;19146,81055
15/05/25;19112,32031
16/05/25;19211,09961
19/05/25;19215,46094
20/05/25;19142,71094
21/05/25;18872,64063
22/05/25;18925,74023
23/05/25;18737,21094
27/05/25;19199,16016
28/05/25;19100,93945
29/05/25;19175,86914
30/05/25;19113,76953
02/06/25;19242,60938
03/06/25;19398,96094
04/06/25;19460,49023
05/06/25;19298,44922
06/06/25;19529,94922
09/06/25;19591,24023
10/06/25;19714,99023
11/06/25;19615,88086
12/06/25;19662,49023
13/06/25;19406,83008
16/06/25;19701,21094
17/06/25;19521,08984
18/06/25;19546,26953
20/06/25;19447,41016
23/06/25;19630,9707
24/06/25;19912,5293
25/06/25;19973,55078
26/06/25;20167,91016
27/06/25;20273,46094
30/06/25;20369,73047
01/07/25;20202,89063
02/07/25;20393,13086
03/07/25;20601,09961
07/07/25;20412,51953
08/07/25;20418,46094
09/07/25;20611,33984
10/07/25;20630,66016
11/07/25;20585,5293
14/07/25;20640,33008
15/07/25;20677,80078
16/07/25;20730,49023
17/07/25;20885,65039
18/07/25;20895,65039
21/07/25;20974,17969
22/07/25;20892,68945
23/07/25;21020,01953
24/07/25;21057,96094
25/07/25;21108,32031
28/07/25;21178,58008
29/07/25;21098,28906
30/07/25;21129,66992
31/07/25;21122,44922
01/08/25;20650,13086
04/08/25;21053,58008
05/08/25;20916,55078
06/08/25;21169,41992
07/08/25;21242,69922
08/08/25;21450,01953
11/08/25;21385,40039
12/08/25;21681,90039
13/08/25;21713,14063
14/08/25;21710,66992
15/08/25;21622,98047
18/08/25;21629,76953
19/08/25;21314,94922
20/08/25;21172,85938
21/08/25;21100,31055
22/08/25;21496,53906
25/08/25;21449,28906
26/08/25;21544,26953
27/08/25;21590,14063
28/08/25;21705,16016
29/08/25;21455,55078
02/09/25;21279,63086
03/09/25;21497,73047
04/09/25;21707,68945
05/09/25;21700,39063
08/09/25;21798,69922
09/09/25;21879,49023
10/09/25;21886,06055
11/09/25;22043,07031
12/09/25;22141,09961
15/09/25;22348,75
16/09/25;22333,96094
17/09/25;22261,33008
18/09/25;22470,7207
19/09/25;22631,48047
22/09/25;22788,98047
23/09/25;22573,4707
24/09/25;22497,85938
25/09/25;22384,69922
26/09/25;22484,07031
29/09/25;22591,15039
30/09/25;22660,00977
01/10/25;22755,16016
02/10/25;22844,05078
03/10/25;22780,50977
06/10/25;22941,66992
07/10/25;22788,35938
08/10/25;23043,38086
09/10/25;23024,63086
10/10/25;22204,42969
13/10/25;22694,60938
14/10/25;22521,69922
15/10/25;22670,08008
16/10/25;22562,53906
17/10/25;22679,9707
20/10/25;22990,53906
21/10/25;22953,66992
22/10/25;22740,40039
23/10/25;22941,80078
24/10/25;23204,86914
27/10/25;23637,46094
28/10/25;23827,49023
29/10/25;23958,4707
30/10/25;23581,14063
31/10/25;23724,96094
03/11/25;23834,7207
04/11/25;23348,64063
05/11/25;23499,80078
06/11/25;23053,99023
07/11/25;23004,53906
10/11/25;23527,16992
11/11/25;23468,30078
12/11/25;23406,46094
13/11/25;22870,35938
14/11/25;22900,58984
17/11/25;22708,07031
18/11/25;22432,84961
19/11/25;22564,23047
20/11/25;22078,05078
21/11/25;22273,08008
24/11/25;22872,00977
25/11/25;23025,58984
26/11/25;23214,68945
28/11/25;23365,68945
01/12/25;23275,91992
02/12/25;23413,66992
03/12/25;23454,08984
04/12/25;23505,14063
05/12/25;23578,13086
08/12/25;23545,90039
09/12/25;23576,49023
10/12/25;23654,15039
11/12/25;23593,85938
12/12/25;23195,16992
15/12/25;23057,41016
16/12/25;23111,46094
17/12/25;22693,32031
18/12/25;23006,35938
19/12/25;23307,61914
22/12/25;23428,83008
23/12/25;23561,83984
24/12/25;23613,31055
26/12/25;23593,09961
29/12/25;23474,34961
30/12/25;23419,08008
31/12/25;23241,99023
02/01/26;23235,63086
05/01/26;23395,82031
06/01/26;23547,16992
07/01/26;23584,2793
08/01/26;23480,01953
09/01/26;23671,34961
12/01/26;23733,90039
13/01/26;23709,86914
14/01/26;23471,75
15/01/26;23530,01953
16/01/26;23515,39063
20/01/26;22954,32031
21/01/26;23224,82031
22/01/26;23436,01953
23/01/26;23501,24023
26/01/26;23601,35938
27/01/26;23817,09961
28/01/26;23857,44922
29/01/26;23685,11914
30/01/26;23461,82031
02/02/26;23592,10938
03/02/26;23255,18945
04/02/26;22904,58008
05/02/26;22540,58984
06/02/26;23031,21094
09/02/26;23238,66992
10/02/26;23102,4707
11/02/26;23066,4707
12/02/26;22597,15039
13/02/26;22546,66992
17/02/26;22578,38086
18/02/26;22753,63086
19/02/26;22682,73047
20/02/26;22886,07031
23/02/26;22627,26953
24/02/26;22863,67969
25/02/26;23152,08008
26/02/26;22878,38086
27/02/26;22668,21094
02/03/26;22748,85938
03/03/26;22516,68945
04/03/26;22807,48047
05/03/26;22748,99023
06/03/26;22387,67969
09/03/26;22695,94922
10/03/26;22697,09961
11/03/26;22716,13086
12/03/26;22311,98047
13/03/26;22105,35938
16/03/26;22374,17969
17/03/26;22479,5293
18/03/26;22152,41992
19/03/26;22090,68945
20/03/26;21647,60938
23/03/26;21946,75977
24/03/26;21761,89063
25/03/26;21929,82031
26/03/26;21408,08008
27/03/26;20948,35938
30/03/26;20794,64063
31/03/26;21590,63086
01/04/26;21840,94922
02/04/26;21879,17969
06/04/26;21996,33984
07/04/26;22017,84961
08/04/26;22634,99023
09/04/26;22822,41992
10/04/26;22902,89063
13/04/26;23183,74023
14/04/26;23639,08008
15/04/26;24016,01953
16/04/26;24102,69922
17/04/26;24468,48047
20/04/26;24404,39063
21/04/26;24259,96094
22/04/26;24657,57031
23/04/26;24438,5
24/04/26;24836,59961
27/04/26;24887,09961
28/04/26;24663,80078
29/04/26;24673,24023
30/04/26;24892,31055
01/05/26;25114,43945
04/05/26;25067,80078
05/05/26;25326,13086
06/05/26;25838,93945
07/05/26;25806,19922
08/05/26;26247,08008
11/05/26;26274,13086
12/05/26;26088,19922
13/05/26;26402,33984
14/05/26;26635,2207
15/05/26;26225,14063
18/05/26;26090,73047
19/05/26;25870,71094
20/05/26;26270,35938
21/05/26;26293,09961
22/05/26;26343,9707
26/05/26;26656,17969
27/05/26;26674,73047
28/05/26;26917,4707
29/05/26;26972,61914
01/06/26;27086,81055
02/06/26;27093,90039
03/06/26;26853,98047
04/06/26;26830,96094
05/06/26;25709,42969
08/06/26;25929,66016
09/06/26;25678,82031
10/06/26;25169,5
11/06/26;25809,66016
12/06/26;25888,83984
15/06/26;26683,93945
16/06/26;26376,33984
17/06/26;26021,66016
18/06/26;26517,92969
22/06/26;26166,59961
23/06/26;25587,03906
24/06/26;25476,64063
25/06/26;25358,59961
26/06/26;25297,61914
29/06/26;25820,14063
30/06/26;26213,7207
01/07/26;26040,0293
02/07/26;25832,66992
06/07/26;26121,16016
07/07/26;25818,68945
08/07/26;25870,65039
09/07/26;26206,89063
10/07/26;26281,60938